{"cameraMode":{"drawMode":0,"name":"Shaded","section":"Shading Mode"},"sceneLighting":true,"audioPlay":false,"sceneViewState":{"showFog":true,"showMaterialUpdate":false,"showSkybox":true,"showFlares":true,"showImageEffects":true,"showParticleSystems":true},"in2DMode":false,"pivot":{"x":-1.0893994569778443,"y":-0.02703241817653179,"z":1.2137137651443482},"rotation":{"x":0.15199145674705506,"y":0.35311034321784975,"z":-0.05825357139110565,"w":0.9213132858276367},"size":6.174770355224609,"orthographic":true}